{
	"giraph": {"dblp": 2}, 
	"pregelplus": {
		"dblp": {
			"sssp":{
				"8":{
					"HWM": [  2.45655069e+04  , 9.03500372e-01  , 2.39708567e+04],
					"RSS": [  2.70268924e+04 ,  8.85778265e-01,  -4.77890146e+03]
				},
				"4":{
					"HWM": [48731.1505837,0.913100055195,114603.698565],
					"RSS": [55184.62948,0.882603107527,71559.6792859]
				},
				"2":{
					"HWM": [71912.6718299,0.992130405323,293373.691548],
					"RSS": [69111.5334377,0.986168764434,216709.588885] 
				},
				"1":{
					"HWM": [  1.50122859e+05,   9.30127652e-01,   5.93915367e+05],
					"RSS": [  1.72557543e+05,   9.03204288e-01,   3.39637652e+05] 
				},

				"Storage": [ 6225548.7182578,  4281906.27975899]
			},
			"ppr":{
				"8":{
					"HWM": [2976.29676713,0.941363987519,88703.6523338],
					"RSS": [4998.04713725,0.788039378763,65784.2005803]
				},
				"4":{
					
					"HWM":  [8700.16634599,0.896189217657,77311.9210223],
					"RSS":  [12048.9374041,0.76103338475,83303.5834426]
				},
				"2":{
				
					"HWM": [11277.9674978,0.996521395654,203915.239871] ,
					"RSS": [17604.2696648,0.807924442717,203221.993647]
	
				},
				"1":{
					"HWM": [20967.0294259,0.960520825379,309742.701645],
					"RSS": [56700.9627489,0.733385265235,202043.470701]
				},

				"Storage":[  1.75741133e+06 , 2.20444411e+08] 

			}
		},
		"web_stanford":{
			"ppr":{
				"8":{
					"HWM": [1.23458777e+03, 9.58774267e-01, 5.12054549e+04],
					"RSS": [1.50809134e+03, 8.41440759e-01, 7.26332939e+04] 
				},
				"4":{
					"HWM": [2897.55903429,0.946701419138,63859.0262229],
					"RSS": [5623.61964329,0.738588238457,66526.1228284] 
				},
				"2":{
					"HWM": [5464.98144691,0.976352686117,109861.511458],
					"RSS":  [20178.268208,0.630509961475,77113.2988232] 
				},

				"1":{
					"HWM": [7456.0805296,1.00650870104,232176.766905],
					"RSS":  [40235.8684908,0.621617055653,142273.587871] 
				},
				"Storage":[  4.63707213e+05 ,  1.24202858e+08]
			},
			"sssp":{
				"8":{
					"HWM": [1343.21634052,1.19184491319,84519.7337351],
					"RSS": [1429.57553497,1.18079489673,79933.3835136] 
				},
				"4":{
					
					"HWM": [4611.01703901,1.12519684607,95980.3623831] ,
					"RSS": [5258.57928549,1.09779296326,86556.3210101] 
				},
				"2":{
				
					"HWM": [  2.27411103e+03,   1.38880527e+00,   3.89249592e+05] ,
					"RSS": [  2.17847303e+03,   1.38534020e+00,   3.68463202e+05] 
	
				},
				"1":{
					"HWM": [  1.93147068e+04,   9.99733027e-01,   3.79456284e+05],
					"RSS": [25411.6379, 0.953358365, 215328.125] 
				},

				"Storage": [ 2837786.81484358,  7205432.70747437] 

			}
		}
	}
}
